  SAMPLE,LOCALITY,REGION,STATE,STYLE,ZONE
CS13_Saltwater_E1,Saltwater Creek,Northeast Tasmania,TAS,Greisen,Main
CS13_Saltwater_E1,Saltwater Creek,Northeast Tasmania,TAS,Greisen,Main
CS13_Saltwater_E1,Saltwater Creek,Northeast Tasmania,TAS,Greisen,Main
CS13_Saltwater_E1,Saltwater Creek,Northeast Tasmania,TAS,Greisen,Main
CS13_Saltwater_E1,Saltwater Creek,Northeast Tasmania,TAS,Greisen,Main
CS13_Saltwater_E1,Saltwater Creek,Northeast Tasmania,TAS,Greisen,Main
CS13_Saltwater_E1,Saltwater Creek,Northeast Tasmania,TAS,Greisen,Main
CS13_Saltwater_E1,Saltwater Creek,Northeast Tasmania,TAS,Greisen,Main
CS13_Saltwater_E1,Saltwater Creek,Northeast Tasmania,TAS,Greisen,Main
CS13_Saltwater_E1,Saltwater Creek,Northeast Tasmania,TAS,Greisen,Main
CS13_Saltwater_E1,Saltwater Creek,Northeast Tasmania,TAS,Greisen,Main
CS13_Saltwater_E1,Saltwater Creek,Northeast Tasmania,TAS,Greisen,Main
CS13_Saltwater_E1,Saltwater Creek,Northeast Tasmania,TAS,Greisen,Main
CS13_Saltwater_E1,Saltwater Creek,Northeast Tasmania,TAS,Greisen,Main
CS13_Saltwater_E1,Saltwater Creek,Northeast Tasmania,TAS,Greisen,Main
CS13_Saltwater_E1,Saltwater Creek,Northeast Tasmania,TAS,Greisen,Main
CS13_Saltwater_E1,Saltwater Creek,Northeast Tasmania,TAS,Greisen,Main
CS13_Saltwater_E1,Saltwater Creek,Northeast Tasmania,TAS,Greisen,Main
CS13_Saltwater_E1,Saltwater Creek,Northeast Tasmania,TAS,Greisen,Main
CS13_Saltwater_E1,Saltwater Creek,Northeast Tasmania,TAS,Greisen,Main
CS13_Saltwater_E1,Saltwater Creek,Northeast Tasmania,TAS,Greisen,Main
CS13_Saltwater_E1,Saltwater Creek,Northeast Tasmania,TAS,Greisen,Main
CS13_Saltwater_E1,Saltwater Creek,Northeast Tasmania,TAS,Greisen,Main
CS13_Saltwater_E1,Saltwater Creek,Northeast Tasmania,TAS,Greisen,Main
CS13_Saltwater_E1,Saltwater Creek,Northeast Tasmania,TAS,Greisen,Main
CS13_Saltwater_E1,Saltwater Creek,Northeast Tasmania,TAS,Greisen,Main
CS13_Saltwater_E1,Saltwater Creek,Northeast Tasmania,TAS,Greisen,Main
CS13_Saltwater_E1,Saltwater Creek,Northeast Tasmania,TAS,Greisen,Main
CS13_Saltwater_E1,Saltwater Creek,Northeast Tasmania,TAS,Greisen,Main
CS13_Saltwater_E1,Saltwater Creek,Northeast Tasmania,TAS,Greisen,Main
CS13_Saltwater_E1,Saltwater Creek,Northeast Tasmania,TAS,Greisen,Main
CS13_Saltwater_E1,Saltwater Creek,Northeast Tasmania,TAS,Greisen,Main
CS13_Saltwater_E1,Saltwater Creek,Northeast Tasmania,TAS,Greisen,Main
CS13_Saltwater_E1,Saltwater Creek,Northeast Tasmania,TAS,Greisen,Main
CS13_Saltwater_E1,Saltwater Creek,Northeast Tasmania,TAS,Greisen,Main
CS13_Saltwater_E1,Saltwater Creek,Northeast Tasmania,TAS,Greisen,Main
CS13_Saltwater_E1,Saltwater Creek,Northeast Tasmania,TAS,Greisen,Main
CS13_Saltwater_E1,Saltwater Creek,Northeast Tasmania,TAS,Greisen,Main
CS13_Saltwater_E1,Saltwater Creek,Northeast Tasmania,TAS,Greisen,Main
CS13_Saltwater_E1,Saltwater Creek,Northeast Tasmania,TAS,Greisen,Main
CS13_Saltwater_E1,Saltwater Creek,Northeast Tasmania,TAS,Greisen,Main
CS13_Saltwater_E1_dark,Saltwater Creek,Northeast Tasmania,TAS,Greisen,Sector
CS13_Saltwater_E1_dark,Saltwater Creek,Northeast Tasmania,TAS,Greisen,Sector
CS13_Saltwater_E1_dark,Saltwater Creek,Northeast Tasmania,TAS,Greisen,Sector
CS13_Saltwater_E1_dark,Saltwater Creek,Northeast Tasmania,TAS,Greisen,Sector
CS13_Saltwater_E1_dark,Saltwater Creek,Northeast Tasmania,TAS,Greisen,Sector
CS13_Saltwater_E1_dark,Saltwater Creek,Northeast Tasmania,TAS,Greisen,Sector
CS13_Saltwater_E1_dark,Saltwater Creek,Northeast Tasmania,TAS,Greisen,Sector
CS13_Saltwater_E1_dark,Saltwater Creek,Northeast Tasmania,TAS,Greisen,Sector
CS13_Saltwater_E1_dark,Saltwater Creek,Northeast Tasmania,TAS,Greisen,Sector
CS13_Saltwater_E1_dark,Saltwater Creek,Northeast Tasmania,TAS,Greisen,Sector
CS13_Saltwater_E1_dark,Saltwater Creek,Northeast Tasmania,TAS,Greisen,Sector
CS13_Saltwater_E1_dark,Saltwater Creek,Northeast Tasmania,TAS,Greisen,Sector
CS13_Saltwater_E1_dark,Saltwater Creek,Northeast Tasmania,TAS,Greisen,Sector
CS13_Saltwater_E1_dark,Saltwater Creek,Northeast Tasmania,TAS,Greisen,Sector
CS13_Saltwater_E1_dark,Saltwater Creek,Northeast Tasmania,TAS,Greisen,Sector
CS13_Saltwater_E1_dark,Saltwater Creek,Northeast Tasmania,TAS,Greisen,Sector
CS13_Saltwater_E1_dark,Saltwater Creek,Northeast Tasmania,TAS,Greisen,Sector
CS13_Saltwater_E1_dark,Saltwater Creek,Northeast Tasmania,TAS,Greisen,Sector
CS13_Saltwater_E1_dark,Saltwater Creek,Northeast Tasmania,TAS,Greisen,Sector
CS13_Saltwater_E1_dark,Saltwater Creek,Northeast Tasmania,TAS,Greisen,Sector
CS13_Saltwater_E1_dark,Saltwater Creek,Northeast Tasmania,TAS,Greisen,Sector
CS13_Saltwater_E1_dark,Saltwater Creek,Northeast Tasmania,TAS,Greisen,Sector
CS13_Saltwater_E1_dark,Saltwater Creek,Northeast Tasmania,TAS,Greisen,Sector
CS13_Saltwater_E1_dark,Saltwater Creek,Northeast Tasmania,TAS,Greisen,Sector
CS13_Saltwater_E1_dark,Saltwater Creek,Northeast Tasmania,TAS,Greisen,Sector
CS13_Saltwater_E1_dark,Saltwater Creek,Northeast Tasmania,TAS,Greisen,Sector
CS13_Saltwater_E1_dark,Saltwater Creek,Northeast Tasmania,TAS,Greisen,Sector
CS13_Saltwater_E1_dark,Saltwater Creek,Northeast Tasmania,TAS,Greisen,Sector
CS13_Saltwater_E1_dark,Saltwater Creek,Northeast Tasmania,TAS,Greisen,Sector
CS13_Saltwater_E3,Saltwater Creek,Northeast Tasmania,TAS,Greisen,
CS13_Saltwater_E3,Saltwater Creek,Northeast Tasmania,TAS,Greisen,
CS13_Saltwater_E3,Saltwater Creek,Northeast Tasmania,TAS,Greisen,
CS13_Saltwater_E3,Saltwater Creek,Northeast Tasmania,TAS,Greisen,
CS13_Saltwater_E3,Saltwater Creek,Northeast Tasmania,TAS,Greisen,
CS13_Saltwater_E3,Saltwater Creek,Northeast Tasmania,TAS,Greisen,
CS13_Saltwater_E3,Saltwater Creek,Northeast Tasmania,TAS,Greisen,
CS13_Saltwater_E3,Saltwater Creek,Northeast Tasmania,TAS,Greisen,
CS13_Saltwater_E3,Saltwater Creek,Northeast Tasmania,TAS,Greisen,
CS13_Saltwater_E3,Saltwater Creek,Northeast Tasmania,TAS,Greisen,
CS13_Saltwater_E3,Saltwater Creek,Northeast Tasmania,TAS,Greisen,
CS13_Saltwater_E3,Saltwater Creek,Northeast Tasmania,TAS,Greisen,
CS13_Saltwater_E3,Saltwater Creek,Northeast Tasmania,TAS,Greisen,
CS13_Saltwater_E3,Saltwater Creek,Northeast Tasmania,TAS,Greisen,
CS13_Saltwater_E3,Saltwater Creek,Northeast Tasmania,TAS,Greisen,
CS13_Saltwater_E3,Saltwater Creek,Northeast Tasmania,TAS,Greisen,
CS13_Saltwater_E3,Saltwater Creek,Northeast Tasmania,TAS,Greisen,
CS13_Saltwater_E3,Saltwater Creek,Northeast Tasmania,TAS,Greisen,
CS13_Saltwater_E3,Saltwater Creek,Northeast Tasmania,TAS,Greisen,
CS13_Saltwater_E3,Saltwater Creek,Northeast Tasmania,TAS,Greisen,
CS13_Saltwater_E3,Saltwater Creek,Northeast Tasmania,TAS,Greisen,
CS13_Saltwater_E3,Saltwater Creek,Northeast Tasmania,TAS,Greisen,
CS13_Saltwater_E3,Saltwater Creek,Northeast Tasmania,TAS,Greisen,
CS13_Saltwater_E3,Saltwater Creek,Northeast Tasmania,TAS,Greisen,
CS13_Saltwater_E3,Saltwater Creek,Northeast Tasmania,TAS,Greisen,
CS13_Saltwater_E3,Saltwater Creek,Northeast Tasmania,TAS,Greisen,
CS13_Saltwater_E3,Saltwater Creek,Northeast Tasmania,TAS,Greisen,
CS13_Saltwater_E3,Saltwater Creek,Northeast Tasmania,TAS,Greisen,
CS13_Saltwater_E3,Saltwater Creek,Northeast Tasmania,TAS,Greisen,
CS13_Saltwater_E3,Saltwater Creek,Northeast Tasmania,TAS,Greisen,
CS13_Saltwater_E3,Saltwater Creek,Northeast Tasmania,TAS,Greisen,
CS13_Saltwater_B5,Saltwater Creek,Northeast Tasmania,TAS,Greisen,
CS13_Saltwater_B5,Saltwater Creek,Northeast Tasmania,TAS,Greisen,
CS13_Saltwater_B5,Saltwater Creek,Northeast Tasmania,TAS,Greisen,
CS13_Saltwater_B5,Saltwater Creek,Northeast Tasmania,TAS,Greisen,
CS13_Saltwater_B5,Saltwater Creek,Northeast Tasmania,TAS,Greisen,
CS13_Saltwater_B5,Saltwater Creek,Northeast Tasmania,TAS,Greisen,
CS13_Saltwater_B5,Saltwater Creek,Northeast Tasmania,TAS,Greisen,
CS13_Saltwater_B5,Saltwater Creek,Northeast Tasmania,TAS,Greisen,
CS13_Saltwater_B5,Saltwater Creek,Northeast Tasmania,TAS,Greisen,
CS13_Saltwater_B5,Saltwater Creek,Northeast Tasmania,TAS,Greisen,
CS13_Saltwater_B5,Saltwater Creek,Northeast Tasmania,TAS,Greisen,
CS13_Saltwater_B5,Saltwater Creek,Northeast Tasmania,TAS,Greisen,
CS13_Saltwater_B5,Saltwater Creek,Northeast Tasmania,TAS,Greisen,
CS13_Saltwater_B5,Saltwater Creek,Northeast Tasmania,TAS,Greisen,
CS13_Saltwater_B5,Saltwater Creek,Northeast Tasmania,TAS,Greisen,
CS13_Saltwater_B5,Saltwater Creek,Northeast Tasmania,TAS,Greisen,
CS13_Saltwater_B5,Saltwater Creek,Northeast Tasmania,TAS,Greisen,
CS13_Saltwater_B5,Saltwater Creek,Northeast Tasmania,TAS,Greisen,
CS13_Saltwater_B5,Saltwater Creek,Northeast Tasmania,TAS,Greisen,
CS13_Saltwater_B5,Saltwater Creek,Northeast Tasmania,TAS,Greisen,
CS13_Saltwater_B5,Saltwater Creek,Northeast Tasmania,TAS,Greisen,
CS13_Saltwater_B5,Saltwater Creek,Northeast Tasmania,TAS,Greisen,
CS13_Saltwater_B5,Saltwater Creek,Northeast Tasmania,TAS,Greisen,
CS13_Saltwater_B5,Saltwater Creek,Northeast Tasmania,TAS,Greisen,
CS13_Greenbushes_C2,Greenbushes,Greenbushes,WA,Pegmatite,
CS13_Greenbushes_C2,Greenbushes,Greenbushes,WA,Pegmatite,
CS13_Greenbushes_C2,Greenbushes,Greenbushes,WA,Pegmatite,
CS13_Greenbushes_C2,Greenbushes,Greenbushes,WA,Pegmatite,
CS13_Greenbushes_C2,Greenbushes,Greenbushes,WA,Pegmatite,
CS13_Greenbushes_C2,Greenbushes,Greenbushes,WA,Pegmatite,
CS13_Greenbushes_C2,Greenbushes,Greenbushes,WA,Pegmatite,
CS13_Greenbushes_C2,Greenbushes,Greenbushes,WA,Pegmatite,
CS13_Greenbushes_C2,Greenbushes,Greenbushes,WA,Pegmatite,
CS13_Greenbushes_C2,Greenbushes,Greenbushes,WA,Pegmatite,
CS13_Greenbushes_C2,Greenbushes,Greenbushes,WA,Pegmatite,
CS13_Greenbushes_C2,Greenbushes,Greenbushes,WA,Pegmatite,
CS13_Greenbushes_C2,Greenbushes,Greenbushes,WA,Pegmatite,
CS13_Greenbushes_C2,Greenbushes,Greenbushes,WA,Pegmatite,
CS13_Greenbushes_C2,Greenbushes,Greenbushes,WA,Pegmatite,
CS13_Greenbushes_C2,Greenbushes,Greenbushes,WA,Pegmatite,
CS13_Greenbushes_C2,Greenbushes,Greenbushes,WA,Pegmatite,
CS13_Greenbushes_C2,Greenbushes,Greenbushes,WA,Pegmatite,
CS13_Greenbushes_C2,Greenbushes,Greenbushes,WA,Pegmatite,
CS13_Greenbushes_C2,Greenbushes,Greenbushes,WA,Pegmatite,
CS13_Greenbushes_C2,Greenbushes,Greenbushes,WA,Pegmatite,
CS13_Greenbushes_C2,Greenbushes,Greenbushes,WA,Pegmatite,
CS13_Greenbushes_C2,Greenbushes,Greenbushes,WA,Pegmatite,
CS13_Greenbushes_C2,Greenbushes,Greenbushes,WA,Pegmatite,
CS13_Greenbushes_C2,Greenbushes,Greenbushes,WA,Pegmatite,
CS13_Greenbushes_C2,Greenbushes,Greenbushes,WA,Pegmatite,
CS13_Greenbushes_C2,Greenbushes,Greenbushes,WA,Pegmatite,
CS13_Whiteload_D4,"White Lode, Poona",Cue,WA,Pegmatite,
CS13_Whiteload_D4,"White Lode, Poona",Cue,WA,Pegmatite,
CS13_Whiteload_D4,"White Lode, Poona",Cue,WA,Pegmatite,
CS13_Whiteload_D4,"White Lode, Poona",Cue,WA,Pegmatite,
CS13_Whiteload_D4,"White Lode, Poona",Cue,WA,Pegmatite,
CS13_Whiteload_D4,"White Lode, Poona",Cue,WA,Pegmatite,
CS13_Whiteload_D4,"White Lode, Poona",Cue,WA,Pegmatite,
CS13_Whiteload_D4,"White Lode, Poona",Cue,WA,Pegmatite,
CS13_Whiteload_D4,"White Lode, Poona",Cue,WA,Pegmatite,
CS13_Whiteload_D4,"White Lode, Poona",Cue,WA,Pegmatite,
CS13_Whiteload_D4,"White Lode, Poona",Cue,WA,Pegmatite,
CS13_Whiteload_D4,"White Lode, Poona",Cue,WA,Pegmatite,
CS13_Whiteload_D4,"White Lode, Poona",Cue,WA,Pegmatite,
CS13_Whiteload_D4,"White Lode, Poona",Cue,WA,Pegmatite,
CS13_Whiteload_D4,"White Lode, Poona",Cue,WA,Pegmatite,
CS13_Whiteload_D4,"White Lode, Poona",Cue,WA,Pegmatite,
CS13_Whiteload_D4,"White Lode, Poona",Cue,WA,Pegmatite,
CS13_Whiteload_D4,"White Lode, Poona",Cue,WA,Pegmatite,
CS13_Whiteload_D4,"White Lode, Poona",Cue,WA,Pegmatite,
CS13_Whiteload_D4,"White Lode, Poona",Cue,WA,Pegmatite,
CS13_Whiteload_D4,"White Lode, Poona",Cue,WA,Pegmatite,
CS13_Whiteload_D4,"White Lode, Poona",Cue,WA,Pegmatite,
CS13_Whiteload_D4,"White Lode, Poona",Cue,WA,Pegmatite,
CS13_Whiteload_D4,"White Lode, Poona",Cue,WA,Pegmatite,
CS13_Whiteload_D4,"White Lode, Poona",Cue,WA,Pegmatite,
CS13_Whiteload_D4,"White Lode, Poona",Cue,WA,Pegmatite,
CS13_Whiteload_D4,"White Lode, Poona",Cue,WA,Pegmatite,
CS13_Whiteload_D4,"White Lode, Poona",Cue,WA,Pegmatite,
CS13_Whiteload_D4,"White Lode, Poona",Cue,WA,Pegmatite,
CS13_Whiteload_D4,"White Lode, Poona",Cue,WA,Pegmatite,
CS13_Whiteload_D4,"White Lode, Poona",Cue,WA,Pegmatite,
CS13_Whiteload_D4,"White Lode, Poona",Cue,WA,Pegmatite,
CS13_Whiteload_D4,"White Lode, Poona",Cue,WA,Pegmatite,
CS13_Whiteload_D4,"White Lode, Poona",Cue,WA,Pegmatite,
CS13_Whiteload_D4,"White Lode, Poona",Cue,WA,Pegmatite,
CS13_Whiteload_D4,"White Lode, Poona",Cue,WA,Pegmatite,
CS13_Whiteload_D4,"White Lode, Poona",Cue,WA,Pegmatite,
CS13_Whiteload_D4,"White Lode, Poona",Cue,WA,Pegmatite,
CS13_Whiteload_D4,"White Lode, Poona",Cue,WA,Pegmatite,
CS13_Whiteload_D4,"White Lode, Poona",Cue,WA,Pegmatite,
CS13_Whiteload_D4,"White Lode, Poona",Cue,WA,Pegmatite,
CS13_Whiteload_D4,"White Lode, Poona",Cue,WA,Pegmatite,
CS13_Whiteload_D4,"White Lode, Poona",Cue,WA,Pegmatite,
CS13_Whiteload_D4,"White Lode, Poona",Cue,WA,Pegmatite,
CS13_Whiteload_D4,"White Lode, Poona",Cue,WA,Pegmatite,
CS13_Whiteload_D4,"White Lode, Poona",Cue,WA,Pegmatite,
CS13_Whiteload_D4,"White Lode, Poona",Cue,WA,Pegmatite,
CS13_Whiteload_D4,"White Lode, Poona",Cue,WA,Pegmatite,
CS13_Whiteload_D4,"White Lode, Poona",Cue,WA,Pegmatite,
CS13_Whiteload_D4,"White Lode, Poona",Cue,WA,Pegmatite,
CS13_Whiteload_D4,"White Lode, Poona",Cue,WA,Pegmatite,
CS13_Whiteload_D4,"White Lode, Poona",Cue,WA,Pegmatite,
CS13_Whiteload_D4,"White Lode, Poona",Cue,WA,Pegmatite,
CS13_Whiteload_D4,"White Lode, Poona",Cue,WA,Pegmatite,
CS13_Whiteload_D4,"White Lode, Poona",Cue,WA,Pegmatite,
CS13_Whiteload_D4,"White Lode, Poona",Cue,WA,Pegmatite,
CS13_Whiteload_D4,"White Lode, Poona",Cue,WA,Pegmatite,
CS13_Whiteload_D4,"White Lode, Poona",Cue,WA,Pegmatite,
CS13_Whiteload_D4,"White Lode, Poona",Cue,WA,Pegmatite,
CS13_Whiteload_D4,"White Lode, Poona",Cue,WA,Pegmatite,
CS13_Whiteload_D4,"White Lode, Poona",Cue,WA,Pegmatite,
CS13_Whiteload_D4,"White Lode, Poona",Cue,WA,Pegmatite,
CS13_Whiteload_D4,"White Lode, Poona",Cue,WA,Pegmatite,
CS13_Whiteload_D4,"White Lode, Poona",Cue,WA,Pegmatite,
CS13_Whiteload_D4,"White Lode, Poona",Cue,WA,Pegmatite,
CS13_Whiteload_D4,"White Lode, Poona",Cue,WA,Pegmatite,
CS13_Whiteload_D4,"White Lode, Poona",Cue,WA,Pegmatite,
CS13_Whiteload_D4,"White Lode, Poona",Cue,WA,Pegmatite,
CS13_Whiteload_D4,"White Lode, Poona",Cue,WA,Pegmatite,
CS13_Whiteload_D4,"White Lode, Poona",Cue,WA,Pegmatite,
CS13_Whiteload_D4,"White Lode, Poona",Cue,WA,Pegmatite,
CS13_Whiteload_D4,"White Lode, Poona",Cue,WA,Pegmatite,
CS13_Whiteload_D4,"White Lode, Poona",Cue,WA,Pegmatite,
CS13_Whiteload_D4,"White Lode, Poona",Cue,WA,Pegmatite,
CS13_Whiteload_D4,"White Lode, Poona",Cue,WA,Pegmatite,
CS13_Whiteload_D4,"White Lode, Poona",Cue,WA,Pegmatite,
CS13_Whiteload_D4,"White Lode, Poona",Cue,WA,Pegmatite,
CS13_Whiteload_D4,"White Lode, Poona",Cue,WA,Pegmatite,
CS13_Whiteload_D4,"White Lode, Poona",Cue,WA,Pegmatite,
CS13_GoiasBEBT_D3,Buriti Mine,Goias,Brasil,Greisen,
CS13_GoiasBEBT_D3,Buriti Mine,Goias,Brasil,Greisen,
CS13_GoiasBEBT_D3,Buriti Mine,Goias,Brasil,Greisen,
CS13_GoiasBEBT_D3,Buriti Mine,Goias,Brasil,Greisen,
CS13_GoiasBEBT_D3,Buriti Mine,Goias,Brasil,Greisen,
CS13_GoiasBEBT_D3,Buriti Mine,Goias,Brasil,Greisen,
CS13_GoiasBEBT_D3,Buriti Mine,Goias,Brasil,Greisen,
CS13_GoiasBEBT_D3,Buriti Mine,Goias,Brasil,Greisen,
CS13_GoiasBEBT_D3,Buriti Mine,Goias,Brasil,Greisen,
CS13_GoiasBEBT_D3,Buriti Mine,Goias,Brasil,Greisen,
CS13_GoiasBEBT_D3,Buriti Mine,Goias,Brasil,Greisen,
CS13_GoiasBEBT_D3,Buriti Mine,Goias,Brasil,Greisen,
CS13_GoiasBEBT_D3,Buriti Mine,Goias,Brasil,Greisen,
CS13_GoiasBEBT_D3,Buriti Mine,Goias,Brasil,Greisen,
CS13_GoiasBEBT_D3,Buriti Mine,Goias,Brasil,Greisen,
CS13_GoiasBEBT_D3,Buriti Mine,Goias,Brasil,Greisen,
CS13_GoiasBEBT_D3,Buriti Mine,Goias,Brasil,Greisen,
CS13_GoiasBEBT_D3,Buriti Mine,Goias,Brasil,Greisen,
CS13_GoiasBEBT_D3,Buriti Mine,Goias,Brasil,Greisen,
CS13_GoiasBEBT_D3,Buriti Mine,Goias,Brasil,Greisen,
CS13_GoiasBEBT_D3,Buriti Mine,Goias,Brasil,Greisen,
CS13_GoiasBEBT_D3,Buriti Mine,Goias,Brasil,Greisen,
CS13_GoiasBEBT_D3,Buriti Mine,Goias,Brasil,Greisen,
CS13_GoiasBEBT_D3,Buriti Mine,Goias,Brasil,Greisen,
CS13_GoiasBEBT_D3,Buriti Mine,Goias,Brasil,Greisen,
CS13_GoiasBEBT_D3,Buriti Mine,Goias,Brasil,Greisen,
CS13_GoiasBEBT_D3,Buriti Mine,Goias,Brasil,Greisen,
CS13_GoiasBEBT_D3,Buriti Mine,Goias,Brasil,Greisen,
CS13_GoiasBEBT_D3,Buriti Mine,Goias,Brasil,Greisen,
CS13_GoiasBEBT_D3,Buriti Mine,Goias,Brasil,Greisen,
CS13_GoiasBEBT_D3,Buriti Mine,Goias,Brasil,Greisen,
CS13_GoiasBEBT_D3,Buriti Mine,Goias,Brasil,Greisen,
CS13_GoiasBEBT_D3,Buriti Mine,Goias,Brasil,Greisen,
CS13_GoiasBEBT_D3,Buriti Mine,Goias,Brasil,Greisen,
CS13_GoiasBEBT_D3,Buriti Mine,Goias,Brasil,Greisen,
CS13_GoiasBEBT_D3,Buriti Mine,Goias,Brasil,Greisen,
CS13_GoiasBEBT_D3,Buriti Mine,Goias,Brasil,Greisen,
CS13_GoiasBEBT_D3,Buriti Mine,Goias,Brasil,Greisen,
CS13_GoiasBEBT_D3,Buriti Mine,Goias,Brasil,Greisen,
CS13_GoiasBEBT_D3,Buriti Mine,Goias,Brasil,Greisen,
CS12_Beechworth_C2,Beechworth,Beechworth,VIC,Unknown,
CS12_Beechworth_C2,Beechworth,Beechworth,VIC,Unknown,
CS12_Beechworth_C2,Beechworth,Beechworth,VIC,Unknown,
CS12_Beechworth_C2,Beechworth,Beechworth,VIC,Unknown,
CS12_Beechworth_C2,Beechworth,Beechworth,VIC,Unknown,
CS12_Beechworth_C2,Beechworth,Beechworth,VIC,Unknown,
CS12_Beechworth_C2,Beechworth,Beechworth,VIC,Unknown,
CS12_Beechworth_C2,Beechworth,Beechworth,VIC,Unknown,
CS12_Beechworth_C2,Beechworth,Beechworth,VIC,Unknown,
CS12_Beechworth_C2,Beechworth,Beechworth,VIC,Unknown,
CS12_Beechworth_C2,Beechworth,Beechworth,VIC,Unknown,
CS12_Beechworth_C2,Beechworth,Beechworth,VIC,Unknown,
CS12_Beechworth_C2,Beechworth,Beechworth,VIC,Unknown,
CS12_Beechworth_C2,Beechworth,Beechworth,VIC,Unknown,
CS12_Beechworth_C2,Beechworth,Beechworth,VIC,Unknown,
CS12_Beechworth_C2,Beechworth,Beechworth,VIC,Unknown,
CS12_Beechworth_C2,Beechworth,Beechworth,VIC,Unknown,
CS12_Beechworth_C2,Beechworth,Beechworth,VIC,Unknown,
CS12_Beechworth_C2,Beechworth,Beechworth,VIC,Unknown,
CS12_Beechworth_C2,Beechworth,Beechworth,VIC,Unknown,
CS12_Beechworth_C2,Beechworth,Beechworth,VIC,Unknown,
CS12_Beechworth_C2,Beechworth,Beechworth,VIC,Unknown,
CS12_Beechworth_C2,Beechworth,Beechworth,VIC,Unknown,
CS12_Beechworth_C2,Beechworth,Beechworth,VIC,Unknown,
CS12_Beechworth_C2,Beechworth,Beechworth,VIC,Unknown,
CS12_Beechworth_C2,Beechworth,Beechworth,VIC,Unknown,
CS12_Beechworth_C2,Beechworth,Beechworth,VIC,Unknown,
CS12_Beechworth_C2,Beechworth,Beechworth,VIC,Unknown,
CS12_Beechworth_C2,Beechworth,Beechworth,VIC,Unknown,
CS12_Beechworth_C2,Beechworth,Beechworth,VIC,Unknown,
CS12_Beechworth_C2,Beechworth,Beechworth,VIC,Unknown,
CS12_Beechworth_C2,Beechworth,Beechworth,VIC,Unknown,
CS12_Beechworth_C2,Beechworth,Beechworth,VIC,Unknown,
CS12_Beechworth_C2,Beechworth,Beechworth,VIC,Unknown,
CS12_Beechworth_C2,Beechworth,Beechworth,VIC,Unknown,
CS12_Beechworth_C2,Beechworth,Beechworth,VIC,Unknown,
CS14_Renison_K,Renison,Northwest Tasmania,TAS,Skarn,
CS14_Renison_K,Renison,Northwest Tasmania,TAS,Skarn,
CS14_Renison_K,Renison,Northwest Tasmania,TAS,Skarn,
CS14_Renison_K,Renison,Northwest Tasmania,TAS,Skarn,
CS14_Renison_K,Renison,Northwest Tasmania,TAS,Skarn,
CS14_Renison_K,Renison,Northwest Tasmania,TAS,Skarn,
CS14_Renison_K,Renison,Northwest Tasmania,TAS,Skarn,
CS14_Renison_K,Renison,Northwest Tasmania,TAS,Skarn,
CS14_Renison_K,Renison,Northwest Tasmania,TAS,Skarn,
CS14_Renison_K,Renison,Northwest Tasmania,TAS,Skarn,
CS14_Renison_K,Renison,Northwest Tasmania,TAS,Skarn,
CS14_Renison_K,Renison,Northwest Tasmania,TAS,Skarn,
CS14_Renison_K,Renison,Northwest Tasmania,TAS,Skarn,
CS14_Renison_K,Renison,Northwest Tasmania,TAS,Skarn,
CS14_Renison_K,Renison,Northwest Tasmania,TAS,Skarn,
CS14_Renison_K,Renison,Northwest Tasmania,TAS,Skarn,
CS14_Renison_K,Renison,Northwest Tasmania,TAS,Skarn,
CS14_Renison_K,Renison,Northwest Tasmania,TAS,Skarn,
CS14_Renison_K,Renison,Northwest Tasmania,TAS,Skarn,
CS14_Renison_K,Renison,Northwest Tasmania,TAS,Skarn,
CS14_Renison_K,Renison,Northwest Tasmania,TAS,Skarn,
CS14_Renison_K,Renison,Northwest Tasmania,TAS,Skarn,
CS14_Renison_K,Renison,Northwest Tasmania,TAS,Skarn,
CS14_Renison_K,Renison,Northwest Tasmania,TAS,Skarn,
CS14_Renison_K,Renison,Northwest Tasmania,TAS,Skarn,
CS14_Renison_K,Renison,Northwest Tasmania,TAS,Skarn,
CS14_Renison_K,Renison,Northwest Tasmania,TAS,Skarn,
CS14_Renison_K,Renison,Northwest Tasmania,TAS,Skarn,
CS14_Renison_K,Renison,Northwest Tasmania,TAS,Skarn,
CS14_Renison_K,Renison,Northwest Tasmania,TAS,Skarn,
CS14_Renison_K,Renison,Northwest Tasmania,TAS,Skarn,
CS14_Renison_K,Renison,Northwest Tasmania,TAS,Skarn,
CS14_Renison_K,Renison,Northwest Tasmania,TAS,Skarn,
CS14_Renison_K,Renison,Northwest Tasmania,TAS,Skarn,
CS14_Renison_K,Renison,Northwest Tasmania,TAS,Skarn,
CS14_Renison_K,Renison,Northwest Tasmania,TAS,Skarn,
CS14_Renison_K,Renison,Northwest Tasmania,TAS,Skarn,
CS14_Renison_K,Renison,Northwest Tasmania,TAS,Skarn,
CS14_Renison_K,Renison,Northwest Tasmania,TAS,Skarn,
CS14_GoiasPB137_J,Pedra Branca,Goias,Brasil,Greisen,
CS14_GoiasPB137_J,Pedra Branca,Goias,Brasil,Greisen,
CS14_GoiasPB137_J,Pedra Branca,Goias,Brasil,Greisen,
CS14_GoiasPB137_J,Pedra Branca,Goias,Brasil,Greisen,
CS14_GoiasPB137_J,Pedra Branca,Goias,Brasil,Greisen,
CS14_GoiasPB137_J,Pedra Branca,Goias,Brasil,Greisen,
CS14_GoiasPB137_J,Pedra Branca,Goias,Brasil,Greisen,
CS14_GoiasPB137_J,Pedra Branca,Goias,Brasil,Greisen,
CS14_GoiasPB137_J,Pedra Branca,Goias,Brasil,Greisen,
CS14_GoiasPB137_J,Pedra Branca,Goias,Brasil,Greisen,
CS14_GoiasPB137_J,Pedra Branca,Goias,Brasil,Greisen,
CS14_GoiasPB137_J,Pedra Branca,Goias,Brasil,Greisen,
CS14_GoiasPB137_J,Pedra Branca,Goias,Brasil,Greisen,
CS14_GoiasPB137_J,Pedra Branca,Goias,Brasil,Greisen,
CS14_GoiasPB137_J,Pedra Branca,Goias,Brasil,Greisen,
CS14_GoiasPB137_J,Pedra Branca,Goias,Brasil,Greisen,
CS14_GoiasPB137_J,Pedra Branca,Goias,Brasil,Greisen,
CS14_GoiasPB137_J,Pedra Branca,Goias,Brasil,Greisen,
CS14_GoiasPB137_J,Pedra Branca,Goias,Brasil,Greisen,
CS14_GoiasPB137_J,Pedra Branca,Goias,Brasil,Greisen,
CS14_GoiasPB137_J,Pedra Branca,Goias,Brasil,Greisen,
CS14_GoiasPB137_J,Pedra Branca,Goias,Brasil,Greisen,
CS14_GoiasPB137_J,Pedra Branca,Goias,Brasil,Greisen,
CS14_GoiasPB137_J,Pedra Branca,Goias,Brasil,Greisen,
CS14_GoiasPB137_J,Pedra Branca,Goias,Brasil,Greisen,
CS14_GoiasPB137_J,Pedra Branca,Goias,Brasil,Greisen,
CS14_GoiasPB137_J,Pedra Branca,Goias,Brasil,Greisen,
CS14_Bamboo_I,Bamboo Creek,Pine Creek,NT,Pegmatite,
CS14_Bamboo_I,Bamboo Creek,Pine Creek,NT,Pegmatite,
CS14_Bamboo_I,Bamboo Creek,Pine Creek,NT,Pegmatite,
CS14_Bamboo_I,Bamboo Creek,Pine Creek,NT,Pegmatite,
CS14_Bamboo_I,Bamboo Creek,Pine Creek,NT,Pegmatite,
CS14_Bamboo_I,Bamboo Creek,Pine Creek,NT,Pegmatite,
CS14_Bamboo_I,Bamboo Creek,Pine Creek,NT,Pegmatite,
CS14_Bamboo_I,Bamboo Creek,Pine Creek,NT,Pegmatite,
CS14_Bamboo_I,Bamboo Creek,Pine Creek,NT,Pegmatite,
CS14_Bamboo_I,Bamboo Creek,Pine Creek,NT,Pegmatite,
CS14_Bamboo_I,Bamboo Creek,Pine Creek,NT,Pegmatite,
CS14_Bamboo_I,Bamboo Creek,Pine Creek,NT,Pegmatite,
CS14_Bamboo_I,Bamboo Creek,Pine Creek,NT,Pegmatite,
CS14_Bamboo_I,Bamboo Creek,Pine Creek,NT,Pegmatite,
CS14_Bamboo_I,Bamboo Creek,Pine Creek,NT,Pegmatite,
CS14_Bamboo_I,Bamboo Creek,Pine Creek,NT,Pegmatite,
CS14_Bamboo_I,Bamboo Creek,Pine Creek,NT,Pegmatite,
CS14_Bamboo_I,Bamboo Creek,Pine Creek,NT,Pegmatite,
CS14_Bamboo_I,Bamboo Creek,Pine Creek,NT,Pegmatite,
CS14_Bamboo_I,Bamboo Creek,Pine Creek,NT,Pegmatite,
CS14_Bamboo_I,Bamboo Creek,Pine Creek,NT,Pegmatite,
CS14_Bamboo_I,Bamboo Creek,Pine Creek,NT,Pegmatite,
CS14_Bamboo_I,Bamboo Creek,Pine Creek,NT,Pegmatite,
CS14_Bamboo_I,Bamboo Creek,Pine Creek,NT,Pegmatite,
CS14_Bamboo_I,Bamboo Creek,Pine Creek,NT,Pegmatite,
CS14_Bamboo_I,Bamboo Creek,Pine Creek,NT,Pegmatite,
CS14_Bamboo_I,Bamboo Creek,Pine Creek,NT,Pegmatite,
CS14_Bamboo_I,Bamboo Creek,Pine Creek,NT,Pegmatite,
CS14_Bamboo_I,Bamboo Creek,Pine Creek,NT,Pegmatite,
CS14_Bamboo_I,Bamboo Creek,Pine Creek,NT,Pegmatite,
CS14_Bamboo_I,Bamboo Creek,Pine Creek,NT,Pegmatite,
CS14_Bamboo_I,Bamboo Creek,Pine Creek,NT,Pegmatite,
CS14_Bamboo_I,Bamboo Creek,Pine Creek,NT,Pegmatite,
CS14_Bamboo_I,Bamboo Creek,Pine Creek,NT,Pegmatite,
CS14_Bamboo_I,Bamboo Creek,Pine Creek,NT,Pegmatite,
CS14_Bamboo_I,Bamboo Creek,Pine Creek,NT,Pegmatite,
CS14_Bamboo_I,Bamboo Creek,Pine Creek,NT,Pegmatite,
CS14_Bamboo_I,Bamboo Creek,Pine Creek,NT,Pegmatite,
CS14_Bamboo_I,Bamboo Creek,Pine Creek,NT,Pegmatite,
CS14_Bamboo_I,Bamboo Creek,Pine Creek,NT,Pegmatite,
CS14_Bamboo_I,Bamboo Creek,Pine Creek,NT,Pegmatite,
CS14_Bamboo_I,Bamboo Creek,Pine Creek,NT,Pegmatite,
CS14_Bamboo_I,Bamboo Creek,Pine Creek,NT,Pegmatite,
CS14_Bamboo_I,Bamboo Creek,Pine Creek,NT,Pegmatite,
CS14_Bamboo_I,Bamboo Creek,Pine Creek,NT,Pegmatite,
CS14_Tinshafts_D,"Tin Shafts, Poona",Cue,WA,Pegmatite,
CS14_Tinshafts_D,"Tin Shafts, Poona",Cue,WA,Pegmatite,
CS14_Tinshafts_D,"Tin Shafts, Poona",Cue,WA,Pegmatite,
CS14_Tinshafts_D,"Tin Shafts, Poona",Cue,WA,Pegmatite,
CS14_Tinshafts_D,"Tin Shafts, Poona",Cue,WA,Pegmatite,
CS14_Tinshafts_D,"Tin Shafts, Poona",Cue,WA,Pegmatite,
CS14_Tinshafts_D,"Tin Shafts, Poona",Cue,WA,Pegmatite,
CS14_Tinshafts_D,"Tin Shafts, Poona",Cue,WA,Pegmatite,
CS14_Tinshafts_D,"Tin Shafts, Poona",Cue,WA,Pegmatite,
CS14_Tinshafts_D,"Tin Shafts, Poona",Cue,WA,Pegmatite,
CS14_Tinshafts_D,"Tin Shafts, Poona",Cue,WA,Pegmatite,
CS14_Tinshafts_D,"Tin Shafts, Poona",Cue,WA,Pegmatite,
CS14_Tinshafts_D,"Tin Shafts, Poona",Cue,WA,Pegmatite,
CS14_Tinshafts_D,"Tin Shafts, Poona",Cue,WA,Pegmatite,
CS14_Tinshafts_D,"Tin Shafts, Poona",Cue,WA,Pegmatite,
CS14_Tinshafts_D,"Tin Shafts, Poona",Cue,WA,Pegmatite,
CS14_Tinshafts_D,"Tin Shafts, Poona",Cue,WA,Pegmatite,
CS14_Tinshafts_D,"Tin Shafts, Poona",Cue,WA,Pegmatite,
CS14_Tinshafts_D,"Tin Shafts, Poona",Cue,WA,Pegmatite,
CS14_Tinshafts_D,"Tin Shafts, Poona",Cue,WA,Pegmatite,
CS14_Tinshafts_D,"Tin Shafts, Poona",Cue,WA,Pegmatite,
CS14_Tinshafts_D,"Tin Shafts, Poona",Cue,WA,Pegmatite,
CS14_Tinshafts_D,"Tin Shafts, Poona",Cue,WA,Pegmatite,
CS14_Tinshafts_D,"Tin Shafts, Poona",Cue,WA,Pegmatite,
CS14_Tinshafts_D,"Tin Shafts, Poona",Cue,WA,Pegmatite,
CS14_Tinshafts_D,"Tin Shafts, Poona",Cue,WA,Pegmatite,
CS14_Tinshafts_D,"Tin Shafts, Poona",Cue,WA,Pegmatite,
CS14_Tinshafts_D,"Tin Shafts, Poona",Cue,WA,Pegmatite,
CS14_Tinshafts_D,"Tin Shafts, Poona",Cue,WA,Pegmatite,
CS14_Tinshafts_D,"Tin Shafts, Poona",Cue,WA,Pegmatite,
CS14_Tinshafts_D,"Tin Shafts, Poona",Cue,WA,Pegmatite,
CS14_Tinshafts_D,"Tin Shafts, Poona",Cue,WA,Pegmatite,
CS14_Tinshafts_D,"Tin Shafts, Poona",Cue,WA,Pegmatite,
CS14_Tinshafts_D,"Tin Shafts, Poona",Cue,WA,Pegmatite,
CS14_Tinshafts_D,"Tin Shafts, Poona",Cue,WA,Pegmatite,
CS14_Tinshafts_D,"Tin Shafts, Poona",Cue,WA,Pegmatite,
CS14_Tinshafts_D,"Tin Shafts, Poona",Cue,WA,Pegmatite,
CS14_Tinshafts_D,"Tin Shafts, Poona",Cue,WA,Pegmatite,
CS14_Tinshafts_D,"Tin Shafts, Poona",Cue,WA,Pegmatite,
CS14_Tinshafts_D,"Tin Shafts, Poona",Cue,WA,Pegmatite,
CS14_Moolyella_B,Moolyella,Pilbara,WA,Pegmatite,
CS14_Moolyella_B,Moolyella,Pilbara,WA,Pegmatite,
CS14_Moolyella_B,Moolyella,Pilbara,WA,Pegmatite,
CS14_Moolyella_B,Moolyella,Pilbara,WA,Pegmatite,
CS14_Moolyella_B,Moolyella,Pilbara,WA,Pegmatite,
CS14_Moolyella_B,Moolyella,Pilbara,WA,Pegmatite,
CS14_Moolyella_B,Moolyella,Pilbara,WA,Pegmatite,
CS14_Moolyella_B,Moolyella,Pilbara,WA,Pegmatite,
CS14_Moolyella_B,Moolyella,Pilbara,WA,Pegmatite,
CS14_Moolyella_B,Moolyella,Pilbara,WA,Pegmatite,
CS14_Moolyella_B,Moolyella,Pilbara,WA,Pegmatite,
CS14_Moolyella_B,Moolyella,Pilbara,WA,Pegmatite,
CS14_Moolyella_B,Moolyella,Pilbara,WA,Pegmatite,
CS14_Moolyella_B,Moolyella,Pilbara,WA,Pegmatite,
CS14_Moolyella_B,Moolyella,Pilbara,WA,Pegmatite,
CS14_Moolyella_B,Moolyella,Pilbara,WA,Pegmatite,
CS14_Moolyella_B,Moolyella,Pilbara,WA,Pegmatite,
CS14_Moolyella_B,Moolyella,Pilbara,WA,Pegmatite,
CS14_Moolyella_B,Moolyella,Pilbara,WA,Pegmatite,
CS14_Moolyella_B,Moolyella,Pilbara,WA,Pegmatite,
CS14_Moolyella_B,Moolyella,Pilbara,WA,Pegmatite,
CS14_Moolyella_B,Moolyella,Pilbara,WA,Pegmatite,
CS14_Moolyella_B,Moolyella,Pilbara,WA,Pegmatite,
CS14_Moolyella_B,Moolyella,Pilbara,WA,Pegmatite,
CS14_Moolyella_B,Moolyella,Pilbara,WA,Pegmatite,
CS14_Moolyella_B,Moolyella,Pilbara,WA,Pegmatite,
CS14_Moolyella_B,Moolyella,Pilbara,WA,Pegmatite,
CS14_Moolyella_B,Moolyella,Pilbara,WA,Pegmatite,
CS14_Moolyella_B,Moolyella,Pilbara,WA,Pegmatite,
CS14_Moolyella_B,Moolyella,Pilbara,WA,Pegmatite,
CS14_Moolyella_B,Moolyella,Pilbara,WA,Pegmatite,
CS14_Moolyella_B,Moolyella,Pilbara,WA,Pegmatite,
CS14_Moolyella_B,Moolyella,Pilbara,WA,Pegmatite,
CS14_Moolyella_B,Moolyella,Pilbara,WA,Pegmatite,
CS14_Moolyella_B,Moolyella,Pilbara,WA,Pegmatite,
CS14_Moolyella_B,Moolyella,Pilbara,WA,Pegmatite,
CS14_Moolyella_B,Moolyella,Pilbara,WA,Pegmatite,
CS21_Strelley_A,Strelley,Pilbara,WA,Pegmatite,
CS21_Strelley_A,Strelley,Pilbara,WA,Pegmatite,
CS21_Strelley_A,Strelley,Pilbara,WA,Pegmatite,
CS21_Strelley_A,Strelley,Pilbara,WA,Pegmatite,
CS21_Strelley_A,Strelley,Pilbara,WA,Pegmatite,
CS21_Strelley_A,Strelley,Pilbara,WA,Pegmatite,
CS21_Strelley_A,Strelley,Pilbara,WA,Pegmatite,
CS21_Strelley_A,Strelley,Pilbara,WA,Pegmatite,
CS21_Strelley_A,Strelley,Pilbara,WA,Pegmatite,
CS21_Strelley_A,Strelley,Pilbara,WA,Pegmatite,
CS21_Strelley_A,Strelley,Pilbara,WA,Pegmatite,
CS21_Strelley_A,Strelley,Pilbara,WA,Pegmatite,
CS21_Strelley_A,Strelley,Pilbara,WA,Pegmatite,
CS21_Strelley_A,Strelley,Pilbara,WA,Pegmatite,
CS21_Strelley_A,Strelley,Pilbara,WA,Pegmatite,
CS21_Strelley_A,Strelley,Pilbara,WA,Pegmatite,
CS21_Strelley_A,Strelley,Pilbara,WA,Pegmatite,
CS21_Strelley_A,Strelley,Pilbara,WA,Pegmatite,
CS21_Strelley_A,Strelley,Pilbara,WA,Pegmatite,
CS21_Strelley_A,Strelley,Pilbara,WA,Pegmatite,
CS21_Strelley_A,Strelley,Pilbara,WA,Pegmatite,
CS21_Strelley_A,Strelley,Pilbara,WA,Pegmatite,
CS21_Strelley_A,Strelley,Pilbara,WA,Pegmatite,
CS21_Strelley_A,Strelley,Pilbara,WA,Pegmatite,
CS21_Strelley_A,Strelley,Pilbara,WA,Pegmatite,
CS21_Strelley_A,Strelley,Pilbara,WA,Pegmatite,
CS21_Strelley_A,Strelley,Pilbara,WA,Pegmatite,
CS21_Strelley_A,Strelley,Pilbara,WA,Pegmatite,
CS21_Strelley_A,Strelley,Pilbara,WA,Pegmatite,
CS21_Strelley_A,Strelley,Pilbara,WA,Pegmatite,
CS21_Emmons_C,Emmons,Oxford Pegmatite Field,Maine,Pegmatite,
CS21_Emmons_C,Emmons,Oxford Pegmatite Field,Maine,Pegmatite,
CS21_Emmons_C,Emmons,Oxford Pegmatite Field,Maine,Pegmatite,
CS21_Emmons_C,Emmons,Oxford Pegmatite Field,Maine,Pegmatite,
CS21_Emmons_C,Emmons,Oxford Pegmatite Field,Maine,Pegmatite,
CS21_Emmons_C,Emmons,Oxford Pegmatite Field,Maine,Pegmatite,
CS21_Emmons_C,Emmons,Oxford Pegmatite Field,Maine,Pegmatite,
CS21_Emmons_C,Emmons,Oxford Pegmatite Field,Maine,Pegmatite,
CS21_Emmons_C,Emmons,Oxford Pegmatite Field,Maine,Pegmatite,
CS21_Emmons_C,Emmons,Oxford Pegmatite Field,Maine,Pegmatite,
CS21_Emmons_C,Emmons,Oxford Pegmatite Field,Maine,Pegmatite,
CS21_Emmons_C,Emmons,Oxford Pegmatite Field,Maine,Pegmatite,
CS21_Emmons_C,Emmons,Oxford Pegmatite Field,Maine,Pegmatite,
CS21_Emmons_C,Emmons,Oxford Pegmatite Field,Maine,Pegmatite,
CS21_Emmons_C,Emmons,Oxford Pegmatite Field,Maine,Pegmatite,
CS21_Emmons_C,Emmons,Oxford Pegmatite Field,Maine,Pegmatite,
CS21_Emmons_C,Emmons,Oxford Pegmatite Field,Maine,Pegmatite,
CS21_Emmons_C,Emmons,Oxford Pegmatite Field,Maine,Pegmatite,
CS21_Emmons_C,Emmons,Oxford Pegmatite Field,Maine,Pegmatite,
CS21_Emmons_C,Emmons,Oxford Pegmatite Field,Maine,Pegmatite,
CS21_Emmons_C,Emmons,Oxford Pegmatite Field,Maine,Pegmatite,
CS21_Emmons_C,Emmons,Oxford Pegmatite Field,Maine,Pegmatite,
CS21_Emmons_C,Emmons,Oxford Pegmatite Field,Maine,Pegmatite,
CS21_Emmons_C,Emmons,Oxford Pegmatite Field,Maine,Pegmatite,
CS21_Emmons_C,Emmons,Oxford Pegmatite Field,Maine,Pegmatite,
CS21_Emmons_C,Emmons,Oxford Pegmatite Field,Maine,Pegmatite,
CS21_Emmons_C,Emmons,Oxford Pegmatite Field,Maine,Pegmatite,
CS21_Emmons_C,Emmons,Oxford Pegmatite Field,Maine,Pegmatite,
CS21_Emmons_C,Emmons,Oxford Pegmatite Field,Maine,Pegmatite,
CS21_Emmons_C,Emmons,Oxford Pegmatite Field,Maine,Pegmatite,
CS21_Emmons_C,Emmons,Oxford Pegmatite Field,Maine,Pegmatite,
CS21_Emmons_C,Emmons,Oxford Pegmatite Field,Maine,Pegmatite,
CS21_Emmons_C,Emmons,Oxford Pegmatite Field,Maine,Pegmatite,
CS21_Emmons_C,Emmons,Oxford Pegmatite Field,Maine,Pegmatite,
CS21_Emmons_C,Emmons,Oxford Pegmatite Field,Maine,Pegmatite,
CS21_Emmons_C,Emmons,Oxford Pegmatite Field,Maine,Pegmatite,
CS21_Emmons_C,Emmons,Oxford Pegmatite Field,Maine,Pegmatite,
CS21_Emmons_C,Emmons,Oxford Pegmatite Field,Maine,Pegmatite,
CS21_Emmons_C,Emmons,Oxford Pegmatite Field,Maine,Pegmatite,
CS21_Emmons_C,Emmons,Oxford Pegmatite Field,Maine,Pegmatite,
CS21_Emmons_C,Emmons,Oxford Pegmatite Field,Maine,Pegmatite,
CS21_Emmons_C,Emmons,Oxford Pegmatite Field,Maine,Pegmatite,
CS21_Emmons_C,Emmons,Oxford Pegmatite Field,Maine,Pegmatite,
CS21_Emmons_C,Emmons,Oxford Pegmatite Field,Maine,Pegmatite,
CS21_Emmons_C,Emmons,Oxford Pegmatite Field,Maine,Pegmatite,
CS21_TrigHill_D,Trigg Hill,Pilbara,WA,Pegmatite,
CS21_TrigHill_D,Trigg Hill,Pilbara,WA,Pegmatite,
CS21_TrigHill_D,Trigg Hill,Pilbara,WA,Pegmatite,
CS21_TrigHill_D,Trigg Hill,Pilbara,WA,Pegmatite,
CS21_TrigHill_D,Trigg Hill,Pilbara,WA,Pegmatite,
CS21_TrigHill_D,Trigg Hill,Pilbara,WA,Pegmatite,
CS21_TrigHill_D,Trigg Hill,Pilbara,WA,Pegmatite,
CS21_TrigHill_D,Trigg Hill,Pilbara,WA,Pegmatite,
CS21_TrigHill_D,Trigg Hill,Pilbara,WA,Pegmatite,
CS21_TrigHill_D,Trigg Hill,Pilbara,WA,Pegmatite,
CS21_TrigHill_D,Trigg Hill,Pilbara,WA,Pegmatite,
CS21_TrigHill_D,Trigg Hill,Pilbara,WA,Pegmatite,
CS21_TrigHill_D,Trigg Hill,Pilbara,WA,Pegmatite,
CS21_TrigHill_D,Trigg Hill,Pilbara,WA,Pegmatite,
CS21_TrigHill_D,Trigg Hill,Pilbara,WA,Pegmatite,
CS21_TrigHill_D,Trigg Hill,Pilbara,WA,Pegmatite,
CS21_TrigHill_D,Trigg Hill,Pilbara,WA,Pegmatite,
CS21_TrigHill_D,Trigg Hill,Pilbara,WA,Pegmatite,
CS21_TrigHill_D,Trigg Hill,Pilbara,WA,Pegmatite,
CS21_TrigHill_D,Trigg Hill,Pilbara,WA,Pegmatite,
CS21_TrigHill_D,Trigg Hill,Pilbara,WA,Pegmatite,
CS21_TrigHill_D,Trigg Hill,Pilbara,WA,Pegmatite,
CS21_TrigHill_D,Trigg Hill,Pilbara,WA,Pegmatite,
CS21_TrigHill_D,Trigg Hill,Pilbara,WA,Pegmatite,
CS21_TrigHill_D,Trigg Hill,Pilbara,WA,Pegmatite,
CS21_TrigHill_D,Trigg Hill,Pilbara,WA,Pegmatite,
CS21_TrigHill_D,Trigg Hill,Pilbara,WA,Pegmatite,
CS21_TrigHill_D,Trigg Hill,Pilbara,WA,Pegmatite,
CS21_TrigHill_D,Trigg Hill,Pilbara,WA,Pegmatite,
CS21_TrigHill_D,Trigg Hill,Pilbara,WA,Pegmatite,
CS21_TrigHill_D,Trigg Hill,Pilbara,WA,Pegmatite,
CS21_TrigHill_D,Trigg Hill,Pilbara,WA,Pegmatite,
CS21_TrigHill_D,Trigg Hill,Pilbara,WA,Pegmatite,
CS21_TrigHill_D,Trigg Hill,Pilbara,WA,Pegmatite,
CS21_TrigHill_D,Trigg Hill,Pilbara,WA,Pegmatite,
CS21_TrigHill_D,Trigg Hill,Pilbara,WA,Pegmatite,
CS21_TrigHill_D,Trigg Hill,Pilbara,WA,Pegmatite,
CS21_TrigHill_D,Trigg Hill,Pilbara,WA,Pegmatite,
CS21_TrigHill_D,Trigg Hill,Pilbara,WA,Pegmatite,
CS21_TrigHill_D,Trigg Hill,Pilbara,WA,Pegmatite,
CS16_GoiasSP3B_C3,Aurumina Pegmatite,Goias,Brasil,Pegmatite,
CS16_GoiasSP3B_C3,Aurumina Pegmatite,Goias,Brasil,Pegmatite,
CS16_GoiasSP3B_C3,Aurumina Pegmatite,Goias,Brasil,Pegmatite,
CS16_GoiasSP3B_C3,Aurumina Pegmatite,Goias,Brasil,Pegmatite,
CS16_GoiasSP3B_C3,Aurumina Pegmatite,Goias,Brasil,Pegmatite,
CS16_GoiasSP3B_C3,Aurumina Pegmatite,Goias,Brasil,Pegmatite,
CS16_GoiasSP3B_C3,Aurumina Pegmatite,Goias,Brasil,Pegmatite,
CS16_GoiasSP3B_C3,Aurumina Pegmatite,Goias,Brasil,Pegmatite,
CS16_GoiasSP3B_C3,Aurumina Pegmatite,Goias,Brasil,Pegmatite,
CS16_GoiasSP3B_C3,Aurumina Pegmatite,Goias,Brasil,Pegmatite,
CS16_GoiasSP3B_C3,Aurumina Pegmatite,Goias,Brasil,Pegmatite,
CS16_GoiasSP3B_C3,Aurumina Pegmatite,Goias,Brasil,Pegmatite,
CS16_GoiasSP3B_C3,Aurumina Pegmatite,Goias,Brasil,Pegmatite,
CS16_GoiasSP3B_C3,Aurumina Pegmatite,Goias,Brasil,Pegmatite,
CS16_GoiasSP3B_C3,Aurumina Pegmatite,Goias,Brasil,Pegmatite,
CS16_GoiasSP3B_C3,Aurumina Pegmatite,Goias,Brasil,Pegmatite,
CS16_GoiasSP3B_C3,Aurumina Pegmatite,Goias,Brasil,Pegmatite,
CS16_GoiasSP3B_C3,Aurumina Pegmatite,Goias,Brasil,Pegmatite,
CS16_GoiasSP3B_C3,Aurumina Pegmatite,Goias,Brasil,Pegmatite,
CS16_GoiasSP3B_C3,Aurumina Pegmatite,Goias,Brasil,Pegmatite,
CS16_GoiasSP3B_C3,Aurumina Pegmatite,Goias,Brasil,Pegmatite,
CS16_GoiasSP3B_C3,Aurumina Pegmatite,Goias,Brasil,Pegmatite,
CS16_GoiasSP3B_C3,Aurumina Pegmatite,Goias,Brasil,Pegmatite,
CS16_GoiasSP3B_C3,Aurumina Pegmatite,Goias,Brasil,Pegmatite,
CS16_GoiasSP3B_C3,Aurumina Pegmatite,Goias,Brasil,Pegmatite,
CS16_GoiasSP3B_C3,Aurumina Pegmatite,Goias,Brasil,Pegmatite,
CS16_GoiasSP3B_C3,Aurumina Pegmatite,Goias,Brasil,Pegmatite,
CS16_GoiasSP3B_C3,Aurumina Pegmatite,Goias,Brasil,Pegmatite,
CS16_GoiasSP3B_C3,Aurumina Pegmatite,Goias,Brasil,Pegmatite,
CS16_GoiasSP3B_C3,Aurumina Pegmatite,Goias,Brasil,Pegmatite,
CS16_SpearHill_B,Spear Hill,Pilbara,WA,Pegmatite,
CS16_SpearHill_B,Spear Hill,Pilbara,WA,Pegmatite,
CS16_SpearHill_B,Spear Hill,Pilbara,WA,Pegmatite,
CS16_SpearHill_B,Spear Hill,Pilbara,WA,Pegmatite,
CS16_SpearHill_B,Spear Hill,Pilbara,WA,Pegmatite,
CS16_SpearHill_B,Spear Hill,Pilbara,WA,Pegmatite,
CS16_SpearHill_B,Spear Hill,Pilbara,WA,Pegmatite,
CS16_SpearHill_B,Spear Hill,Pilbara,WA,Pegmatite,
CS16_SpearHill_B,Spear Hill,Pilbara,WA,Pegmatite,
CS16_SpearHill_B,Spear Hill,Pilbara,WA,Pegmatite,
CS16_SpearHill_B,Spear Hill,Pilbara,WA,Pegmatite,
CS16_SpearHill_B,Spear Hill,Pilbara,WA,Pegmatite,
CS16_SpearHill_B,Spear Hill,Pilbara,WA,Pegmatite,
CS16_SpearHill_B,Spear Hill,Pilbara,WA,Pegmatite,
CS16_SpearHill_B,Spear Hill,Pilbara,WA,Pegmatite,
CS16_SpearHill_B,Spear Hill,Pilbara,WA,Pegmatite,
CS16_SpearHill_B,Spear Hill,Pilbara,WA,Pegmatite,
CS16_SpearHill_B,Spear Hill,Pilbara,WA,Pegmatite,
CS16_SpearHill_B,Spear Hill,Pilbara,WA,Pegmatite,
CS16_SpearHill_B,Spear Hill,Pilbara,WA,Pegmatite,
CS16_SpearHill_B,Spear Hill,Pilbara,WA,Pegmatite,
CS16_SpearHill_B,Spear Hill,Pilbara,WA,Pegmatite,
CS16_SpearHill_B,Spear Hill,Pilbara,WA,Pegmatite,
CS16_SpearHill_B,Spear Hill,Pilbara,WA,Pegmatite,
CS16_SpearHill_B,Spear Hill,Pilbara,WA,Pegmatite,
CS16_SpearHill_B,Spear Hill,Pilbara,WA,Pegmatite,
CS16_SpearHill_B,Spear Hill,Pilbara,WA,Pegmatite,
CS16_SpearHill_B,Spear Hill,Pilbara,WA,Pegmatite,
CS16_SpearHill_B,Spear Hill,Pilbara,WA,Pegmatite,
CS16_SpearHill_B,Spear Hill,Pilbara,WA,Pegmatite,
CS16_SpearHill_B,Spear Hill,Pilbara,WA,Pegmatite,
CS16_SpearHill_B,Spear Hill,Pilbara,WA,Pegmatite,
CS16_SpearHill_B,Spear Hill,Pilbara,WA,Pegmatite,
CS16_SpearHill_B,Spear Hill,Pilbara,WA,Pegmatite,
CS16_SpearHill_B,Spear Hill,Pilbara,WA,Pegmatite,
CS16_SpearHill_B,Spear Hill,Pilbara,WA,Pegmatite,
CS16_SpearHill_B,Spear Hill,Pilbara,WA,Pegmatite,
CS16_SpearHill_B,Spear Hill,Pilbara,WA,Pegmatite,
CS16_SpearHill_B,Spear Hill,Pilbara,WA,Pegmatite,
CS16_SpearHill_B,Spear Hill,Pilbara,WA,Pegmatite,
